--
-- Script was generated by Devart dbForge Studio 2020 for MySQL, Version 9.0.338.0
-- Product home page: http://www.devart.com/dbforge/mysql/studio
-- Script date 2023/8/16 22:28:31
-- Server version: 5.7.24
-- Client version: 4.1
--

-- 
-- Disable foreign keys
-- 
/*!40014 SET @OLD_FOREIGN_KEY_CHECKS=@@FOREIGN_KEY_CHECKS, FOREIGN_KEY_CHECKS=0 */;

-- 
-- Set SQL mode
-- 
/*!40101 SET @OLD_SQL_MODE=@@SQL_MODE, SQL_MODE='NO_AUTO_VALUE_ON_ZERO' */;

-- 
-- Set character set the client will use to send SQL statements to the server
--
SET NAMES 'utf8';

--
-- Set default database
--
USE `guigu-oa`;

--
-- Drop table `act_evt_log`
--
DROP TABLE IF EXISTS act_evt_log;

--
-- Drop table `act_ge_property`
--
DROP TABLE IF EXISTS act_ge_property;

--
-- Drop table `act_hi_actinst`
--
DROP TABLE IF EXISTS act_hi_actinst;

--
-- Drop table `act_hi_attachment`
--
DROP TABLE IF EXISTS act_hi_attachment;

--
-- Drop table `act_hi_comment`
--
DROP TABLE IF EXISTS act_hi_comment;

--
-- Drop table `act_hi_detail`
--
DROP TABLE IF EXISTS act_hi_detail;

--
-- Drop table `act_hi_identitylink`
--
DROP TABLE IF EXISTS act_hi_identitylink;

--
-- Drop table `act_hi_procinst`
--
DROP TABLE IF EXISTS act_hi_procinst;

--
-- Drop table `act_hi_taskinst`
--
DROP TABLE IF EXISTS act_hi_taskinst;

--
-- Drop table `act_hi_varinst`
--
DROP TABLE IF EXISTS act_hi_varinst;

--
-- Drop table `oa_process`
--
DROP TABLE IF EXISTS oa_process;

--
-- Drop table `oa_process_record`
--
DROP TABLE IF EXISTS oa_process_record;

--
-- Drop table `oa_process_template`
--
DROP TABLE IF EXISTS oa_process_template;

--
-- Drop table `oa_process_type`
--
DROP TABLE IF EXISTS oa_process_type;

--
-- Drop table `sys_dept`
--
DROP TABLE IF EXISTS sys_dept;

--
-- Drop table `sys_login_log`
--
DROP TABLE IF EXISTS sys_login_log;

--
-- Drop table `sys_menu`
--
DROP TABLE IF EXISTS sys_menu;

--
-- Drop table `sys_oper_log`
--
DROP TABLE IF EXISTS sys_oper_log;

--
-- Drop table `sys_post`
--
DROP TABLE IF EXISTS sys_post;

--
-- Drop table `sys_role`
--
DROP TABLE IF EXISTS sys_role;

--
-- Drop table `sys_role_menu`
--
DROP TABLE IF EXISTS sys_role_menu;

--
-- Drop table `sys_user`
--
DROP TABLE IF EXISTS sys_user;

--
-- Drop table `sys_user_role`
--
DROP TABLE IF EXISTS sys_user_role;

--
-- Drop table `wechat_menu`
--
DROP TABLE IF EXISTS wechat_menu;

--
-- Drop table `act_procdef_info`
--
DROP TABLE IF EXISTS act_procdef_info;

--
-- Drop table `act_re_model`
--
DROP TABLE IF EXISTS act_re_model;

--
-- Drop table `act_ru_deadletter_job`
--
DROP TABLE IF EXISTS act_ru_deadletter_job;

--
-- Drop table `act_ru_job`
--
DROP TABLE IF EXISTS act_ru_job;

--
-- Drop table `act_ru_suspended_job`
--
DROP TABLE IF EXISTS act_ru_suspended_job;

--
-- Drop table `act_ru_timer_job`
--
DROP TABLE IF EXISTS act_ru_timer_job;

--
-- Drop table `act_ru_variable`
--
DROP TABLE IF EXISTS act_ru_variable;

--
-- Drop table `act_ge_bytearray`
--
DROP TABLE IF EXISTS act_ge_bytearray;

--
-- Drop table `act_re_deployment`
--
DROP TABLE IF EXISTS act_re_deployment;

--
-- Drop table `act_ru_event_subscr`
--
DROP TABLE IF EXISTS act_ru_event_subscr;

--
-- Drop table `act_ru_integration`
--
DROP TABLE IF EXISTS act_ru_integration;

--
-- Drop table `act_ru_identitylink`
--
DROP TABLE IF EXISTS act_ru_identitylink;

--
-- Drop table `act_ru_task`
--
DROP TABLE IF EXISTS act_ru_task;

--
-- Drop table `act_ru_execution`
--
DROP TABLE IF EXISTS act_ru_execution;

--
-- Drop table `act_re_procdef`
--
DROP TABLE IF EXISTS act_re_procdef;

--
-- Set default database
--
USE `guigu-oa`;

--
-- Create table `act_re_procdef`
--
CREATE TABLE act_re_procdef (
  ID_ varchar(64) binary NOT NULL,
  REV_ int(11) DEFAULT NULL,
  CATEGORY_ varchar(255) binary DEFAULT NULL,
  NAME_ varchar(255) binary DEFAULT NULL,
  KEY_ varchar(255) binary NOT NULL,
  VERSION_ int(11) NOT NULL,
  DEPLOYMENT_ID_ varchar(64) binary DEFAULT NULL,
  RESOURCE_NAME_ varchar(4000) binary DEFAULT NULL,
  DGRM_RESOURCE_NAME_ varchar(4000) binary DEFAULT NULL,
  DESCRIPTION_ varchar(4000) binary DEFAULT NULL,
  HAS_START_FORM_KEY_ tinyint(4) DEFAULT NULL,
  HAS_GRAPHICAL_NOTATION_ tinyint(4) DEFAULT NULL,
  SUSPENSION_STATE_ int(11) DEFAULT NULL,
  TENANT_ID_ varchar(255) binary DEFAULT '',
  ENGINE_VERSION_ varchar(255) binary DEFAULT NULL,
  APP_VERSION_ int(11) DEFAULT NULL,
  PRIMARY KEY (ID_)
)
ENGINE = INNODB,
CHARACTER SET utf8,
COLLATE utf8_bin;

--
-- Create index `ACT_UNIQ_PROCDEF` on table `act_re_procdef`
--
ALTER TABLE act_re_procdef
ADD UNIQUE INDEX ACT_UNIQ_PROCDEF (KEY_, VERSION_, TENANT_ID_);

--
-- Create table `act_ru_execution`
--
CREATE TABLE act_ru_execution (
  ID_ varchar(64) binary NOT NULL,
  REV_ int(11) DEFAULT NULL,
  PROC_INST_ID_ varchar(64) binary DEFAULT NULL,
  BUSINESS_KEY_ varchar(255) binary DEFAULT NULL,
  PARENT_ID_ varchar(64) binary DEFAULT NULL,
  PROC_DEF_ID_ varchar(64) binary DEFAULT NULL,
  SUPER_EXEC_ varchar(64) binary DEFAULT NULL,
  ROOT_PROC_INST_ID_ varchar(64) binary DEFAULT NULL,
  ACT_ID_ varchar(255) binary DEFAULT NULL,
  IS_ACTIVE_ tinyint(4) DEFAULT NULL,
  IS_CONCURRENT_ tinyint(4) DEFAULT NULL,
  IS_SCOPE_ tinyint(4) DEFAULT NULL,
  IS_EVENT_SCOPE_ tinyint(4) DEFAULT NULL,
  IS_MI_ROOT_ tinyint(4) DEFAULT NULL,
  SUSPENSION_STATE_ int(11) DEFAULT NULL,
  CACHED_ENT_STATE_ int(11) DEFAULT NULL,
  TENANT_ID_ varchar(255) binary DEFAULT '',
  NAME_ varchar(255) binary DEFAULT NULL,
  START_TIME_ datetime(3) DEFAULT NULL,
  START_USER_ID_ varchar(255) binary DEFAULT NULL,
  LOCK_TIME_ timestamp(3) NULL DEFAULT NULL,
  IS_COUNT_ENABLED_ tinyint(4) DEFAULT NULL,
  EVT_SUBSCR_COUNT_ int(11) DEFAULT NULL,
  TASK_COUNT_ int(11) DEFAULT NULL,
  JOB_COUNT_ int(11) DEFAULT NULL,
  TIMER_JOB_COUNT_ int(11) DEFAULT NULL,
  SUSP_JOB_COUNT_ int(11) DEFAULT NULL,
  DEADLETTER_JOB_COUNT_ int(11) DEFAULT NULL,
  VAR_COUNT_ int(11) DEFAULT NULL,
  ID_LINK_COUNT_ int(11) DEFAULT NULL,
  APP_VERSION_ int(11) DEFAULT NULL,
  PRIMARY KEY (ID_)
)
ENGINE = INNODB,
CHARACTER SET utf8,
COLLATE utf8_bin;

--
-- Create index `ACT_IDC_EXEC_ROOT` on table `act_ru_execution`
--
ALTER TABLE act_ru_execution
ADD INDEX ACT_IDC_EXEC_ROOT (ROOT_PROC_INST_ID_);

--
-- Create index `ACT_IDX_EXEC_BUSKEY` on table `act_ru_execution`
--
ALTER TABLE act_ru_execution
ADD INDEX ACT_IDX_EXEC_BUSKEY (BUSINESS_KEY_);

--
-- Create foreign key
--
ALTER TABLE act_ru_execution
ADD CONSTRAINT ACT_FK_EXE_PARENT FOREIGN KEY (PARENT_ID_)
REFERENCES act_ru_execution (ID_) ON DELETE CASCADE;

--
-- Create foreign key
--
ALTER TABLE act_ru_execution
ADD CONSTRAINT ACT_FK_EXE_PROCDEF FOREIGN KEY (PROC_DEF_ID_)
REFERENCES act_re_procdef (ID_);

--
-- Create foreign key
--
ALTER TABLE act_ru_execution
ADD CONSTRAINT ACT_FK_EXE_PROCINST FOREIGN KEY (PROC_INST_ID_)
REFERENCES act_ru_execution (ID_) ON DELETE CASCADE ON UPDATE CASCADE;

--
-- Create foreign key
--
ALTER TABLE act_ru_execution
ADD CONSTRAINT ACT_FK_EXE_SUPER FOREIGN KEY (SUPER_EXEC_)
REFERENCES act_ru_execution (ID_) ON DELETE CASCADE;

--
-- Create table `act_ru_task`
--
CREATE TABLE act_ru_task (
  ID_ varchar(64) binary NOT NULL,
  REV_ int(11) DEFAULT NULL,
  EXECUTION_ID_ varchar(64) binary DEFAULT NULL,
  PROC_INST_ID_ varchar(64) binary DEFAULT NULL,
  PROC_DEF_ID_ varchar(64) binary DEFAULT NULL,
  NAME_ varchar(255) binary DEFAULT NULL,
  BUSINESS_KEY_ varchar(255) binary DEFAULT NULL,
  PARENT_TASK_ID_ varchar(64) binary DEFAULT NULL,
  DESCRIPTION_ varchar(4000) binary DEFAULT NULL,
  TASK_DEF_KEY_ varchar(255) binary DEFAULT NULL,
  OWNER_ varchar(255) binary DEFAULT NULL,
  ASSIGNEE_ varchar(255) binary DEFAULT NULL,
  DELEGATION_ varchar(64) binary DEFAULT NULL,
  PRIORITY_ int(11) DEFAULT NULL,
  CREATE_TIME_ timestamp(3) NULL DEFAULT NULL,
  DUE_DATE_ datetime(3) DEFAULT NULL,
  CATEGORY_ varchar(255) binary DEFAULT NULL,
  SUSPENSION_STATE_ int(11) DEFAULT NULL,
  TENANT_ID_ varchar(255) binary DEFAULT '',
  FORM_KEY_ varchar(255) binary DEFAULT NULL,
  CLAIM_TIME_ datetime(3) DEFAULT NULL,
  APP_VERSION_ int(11) DEFAULT NULL,
  PRIMARY KEY (ID_)
)
ENGINE = INNODB,
CHARACTER SET utf8,
COLLATE utf8_bin;

--
-- Create index `ACT_IDX_TASK_CREATE` on table `act_ru_task`
--
ALTER TABLE act_ru_task
ADD INDEX ACT_IDX_TASK_CREATE (CREATE_TIME_);

--
-- Create foreign key
--
ALTER TABLE act_ru_task
ADD CONSTRAINT ACT_FK_TASK_EXE FOREIGN KEY (EXECUTION_ID_)
REFERENCES act_ru_execution (ID_);

--
-- Create foreign key
--
ALTER TABLE act_ru_task
ADD CONSTRAINT ACT_FK_TASK_PROCDEF FOREIGN KEY (PROC_DEF_ID_)
REFERENCES act_re_procdef (ID_);

--
-- Create foreign key
--
ALTER TABLE act_ru_task
ADD CONSTRAINT ACT_FK_TASK_PROCINST FOREIGN KEY (PROC_INST_ID_)
REFERENCES act_ru_execution (ID_);

--
-- Create table `act_ru_identitylink`
--
CREATE TABLE act_ru_identitylink (
  ID_ varchar(64) binary NOT NULL,
  REV_ int(11) DEFAULT NULL,
  GROUP_ID_ varchar(255) binary DEFAULT NULL,
  TYPE_ varchar(255) binary DEFAULT NULL,
  USER_ID_ varchar(255) binary DEFAULT NULL,
  TASK_ID_ varchar(64) binary DEFAULT NULL,
  PROC_INST_ID_ varchar(64) binary DEFAULT NULL,
  PROC_DEF_ID_ varchar(64) binary DEFAULT NULL,
  PRIMARY KEY (ID_)
)
ENGINE = INNODB,
CHARACTER SET utf8,
COLLATE utf8_bin;

--
-- Create index `ACT_IDX_ATHRZ_PROCEDEF` on table `act_ru_identitylink`
--
ALTER TABLE act_ru_identitylink
ADD INDEX ACT_IDX_ATHRZ_PROCEDEF (PROC_DEF_ID_);

--
-- Create index `ACT_IDX_IDENT_LNK_GROUP` on table `act_ru_identitylink`
--
ALTER TABLE act_ru_identitylink
ADD INDEX ACT_IDX_IDENT_LNK_GROUP (GROUP_ID_);

--
-- Create index `ACT_IDX_IDENT_LNK_USER` on table `act_ru_identitylink`
--
ALTER TABLE act_ru_identitylink
ADD INDEX ACT_IDX_IDENT_LNK_USER (USER_ID_);

--
-- Create foreign key
--
ALTER TABLE act_ru_identitylink
ADD CONSTRAINT ACT_FK_ATHRZ_PROCEDEF FOREIGN KEY (PROC_DEF_ID_)
REFERENCES act_re_procdef (ID_);

--
-- Create foreign key
--
ALTER TABLE act_ru_identitylink
ADD CONSTRAINT ACT_FK_IDL_PROCINST FOREIGN KEY (PROC_INST_ID_)
REFERENCES act_ru_execution (ID_);

--
-- Create foreign key
--
ALTER TABLE act_ru_identitylink
ADD CONSTRAINT ACT_FK_TSKASS_TASK FOREIGN KEY (TASK_ID_)
REFERENCES act_ru_task (ID_);

--
-- Create table `act_ru_integration`
--
CREATE TABLE act_ru_integration (
  ID_ varchar(64) binary NOT NULL,
  EXECUTION_ID_ varchar(64) binary DEFAULT NULL,
  PROCESS_INSTANCE_ID_ varchar(64) binary DEFAULT NULL,
  PROC_DEF_ID_ varchar(64) binary DEFAULT NULL,
  FLOW_NODE_ID_ varchar(64) binary DEFAULT NULL,
  CREATED_DATE_ timestamp(3) NOT NULL DEFAULT CURRENT_TIMESTAMP(3) ON UPDATE CURRENT_TIMESTAMP(3),
  PRIMARY KEY (ID_)
)
ENGINE = INNODB,
CHARACTER SET utf8,
COLLATE utf8_bin;

--
-- Create foreign key
--
ALTER TABLE act_ru_integration
ADD CONSTRAINT ACT_FK_INT_EXECUTION FOREIGN KEY (EXECUTION_ID_)
REFERENCES act_ru_execution (ID_) ON DELETE CASCADE;

--
-- Create foreign key
--
ALTER TABLE act_ru_integration
ADD CONSTRAINT ACT_FK_INT_PROC_DEF FOREIGN KEY (PROC_DEF_ID_)
REFERENCES act_re_procdef (ID_);

--
-- Create foreign key
--
ALTER TABLE act_ru_integration
ADD CONSTRAINT ACT_FK_INT_PROC_INST FOREIGN KEY (PROCESS_INSTANCE_ID_)
REFERENCES act_ru_execution (ID_);

--
-- Create table `act_ru_event_subscr`
--
CREATE TABLE act_ru_event_subscr (
  ID_ varchar(64) binary NOT NULL,
  REV_ int(11) DEFAULT NULL,
  EVENT_TYPE_ varchar(255) binary NOT NULL,
  EVENT_NAME_ varchar(255) binary DEFAULT NULL,
  EXECUTION_ID_ varchar(64) binary DEFAULT NULL,
  PROC_INST_ID_ varchar(64) binary DEFAULT NULL,
  ACTIVITY_ID_ varchar(64) binary DEFAULT NULL,
  CONFIGURATION_ varchar(255) binary DEFAULT NULL,
  CREATED_ timestamp(3) NOT NULL DEFAULT CURRENT_TIMESTAMP(3),
  PROC_DEF_ID_ varchar(64) binary DEFAULT NULL,
  TENANT_ID_ varchar(255) binary DEFAULT '',
  PRIMARY KEY (ID_)
)
ENGINE = INNODB,
CHARACTER SET utf8,
COLLATE utf8_bin;

--
-- Create index `ACT_IDX_EVENT_SUBSCR_CONFIG_` on table `act_ru_event_subscr`
--
ALTER TABLE act_ru_event_subscr
ADD INDEX ACT_IDX_EVENT_SUBSCR_CONFIG_ (CONFIGURATION_);

--
-- Create foreign key
--
ALTER TABLE act_ru_event_subscr
ADD CONSTRAINT ACT_FK_EVENT_EXEC FOREIGN KEY (EXECUTION_ID_)
REFERENCES act_ru_execution (ID_);

--
-- Create table `act_re_deployment`
--
CREATE TABLE act_re_deployment (
  ID_ varchar(64) binary NOT NULL,
  NAME_ varchar(255) binary DEFAULT NULL,
  CATEGORY_ varchar(255) binary DEFAULT NULL,
  KEY_ varchar(255) binary DEFAULT NULL,
  TENANT_ID_ varchar(255) binary DEFAULT '',
  DEPLOY_TIME_ timestamp(3) NULL DEFAULT NULL,
  ENGINE_VERSION_ varchar(255) binary DEFAULT NULL,
  VERSION_ int(11) DEFAULT 1,
  PROJECT_RELEASE_VERSION_ varchar(255) binary DEFAULT NULL,
  PRIMARY KEY (ID_)
)
ENGINE = INNODB,
AVG_ROW_LENGTH = 1024,
CHARACTER SET utf8,
COLLATE utf8_bin;

--
-- Create table `act_ge_bytearray`
--
CREATE TABLE act_ge_bytearray (
  ID_ varchar(64) binary NOT NULL,
  REV_ int(11) DEFAULT NULL,
  NAME_ varchar(255) binary DEFAULT NULL,
  DEPLOYMENT_ID_ varchar(64) binary DEFAULT NULL,
  BYTES_ longblob DEFAULT NULL,
  GENERATED_ tinyint(4) DEFAULT NULL,
  PRIMARY KEY (ID_)
)
ENGINE = INNODB,
CHARACTER SET utf8,
COLLATE utf8_bin;

--
-- Create foreign key
--
ALTER TABLE act_ge_bytearray
ADD CONSTRAINT ACT_FK_BYTEARR_DEPL FOREIGN KEY (DEPLOYMENT_ID_)
REFERENCES act_re_deployment (ID_);

--
-- Create table `act_ru_variable`
--
CREATE TABLE act_ru_variable (
  ID_ varchar(64) binary NOT NULL,
  REV_ int(11) DEFAULT NULL,
  TYPE_ varchar(255) binary NOT NULL,
  NAME_ varchar(255) binary NOT NULL,
  EXECUTION_ID_ varchar(64) binary DEFAULT NULL,
  PROC_INST_ID_ varchar(64) binary DEFAULT NULL,
  TASK_ID_ varchar(64) binary DEFAULT NULL,
  BYTEARRAY_ID_ varchar(64) binary DEFAULT NULL,
  DOUBLE_ double DEFAULT NULL,
  LONG_ bigint(20) DEFAULT NULL,
  TEXT_ varchar(4000) binary DEFAULT NULL,
  TEXT2_ varchar(4000) binary DEFAULT NULL,
  PRIMARY KEY (ID_)
)
ENGINE = INNODB,
CHARACTER SET utf8,
COLLATE utf8_bin;

--
-- Create index `ACT_IDX_VARIABLE_TASK_ID` on table `act_ru_variable`
--
ALTER TABLE act_ru_variable
ADD INDEX ACT_IDX_VARIABLE_TASK_ID (TASK_ID_);

--
-- Create foreign key
--
ALTER TABLE act_ru_variable
ADD CONSTRAINT ACT_FK_VAR_BYTEARRAY FOREIGN KEY (BYTEARRAY_ID_)
REFERENCES act_ge_bytearray (ID_);

--
-- Create foreign key
--
ALTER TABLE act_ru_variable
ADD CONSTRAINT ACT_FK_VAR_EXE FOREIGN KEY (EXECUTION_ID_)
REFERENCES act_ru_execution (ID_);

--
-- Create foreign key
--
ALTER TABLE act_ru_variable
ADD CONSTRAINT ACT_FK_VAR_PROCINST FOREIGN KEY (PROC_INST_ID_)
REFERENCES act_ru_execution (ID_);

--
-- Create table `act_ru_timer_job`
--
CREATE TABLE act_ru_timer_job (
  ID_ varchar(64) binary NOT NULL,
  REV_ int(11) DEFAULT NULL,
  TYPE_ varchar(255) binary NOT NULL,
  LOCK_EXP_TIME_ timestamp(3) NULL DEFAULT NULL,
  LOCK_OWNER_ varchar(255) binary DEFAULT NULL,
  EXCLUSIVE_ tinyint(1) DEFAULT NULL,
  EXECUTION_ID_ varchar(64) binary DEFAULT NULL,
  PROCESS_INSTANCE_ID_ varchar(64) binary DEFAULT NULL,
  PROC_DEF_ID_ varchar(64) binary DEFAULT NULL,
  RETRIES_ int(11) DEFAULT NULL,
  EXCEPTION_STACK_ID_ varchar(64) binary DEFAULT NULL,
  EXCEPTION_MSG_ varchar(4000) binary DEFAULT NULL,
  DUEDATE_ timestamp(3) NULL DEFAULT NULL,
  REPEAT_ varchar(255) binary DEFAULT NULL,
  HANDLER_TYPE_ varchar(255) binary DEFAULT NULL,
  HANDLER_CFG_ varchar(4000) binary DEFAULT NULL,
  TENANT_ID_ varchar(255) binary DEFAULT '',
  PRIMARY KEY (ID_)
)
ENGINE = INNODB,
CHARACTER SET utf8,
COLLATE utf8_bin;

--
-- Create foreign key
--
ALTER TABLE act_ru_timer_job
ADD CONSTRAINT ACT_FK_TIMER_JOB_EXCEPTION FOREIGN KEY (EXCEPTION_STACK_ID_)
REFERENCES act_ge_bytearray (ID_);

--
-- Create foreign key
--
ALTER TABLE act_ru_timer_job
ADD CONSTRAINT ACT_FK_TIMER_JOB_EXECUTION FOREIGN KEY (EXECUTION_ID_)
REFERENCES act_ru_execution (ID_);

--
-- Create foreign key
--
ALTER TABLE act_ru_timer_job
ADD CONSTRAINT ACT_FK_TIMER_JOB_PROCESS_INSTANCE FOREIGN KEY (PROCESS_INSTANCE_ID_)
REFERENCES act_ru_execution (ID_);

--
-- Create foreign key
--
ALTER TABLE act_ru_timer_job
ADD CONSTRAINT ACT_FK_TIMER_JOB_PROC_DEF FOREIGN KEY (PROC_DEF_ID_)
REFERENCES act_re_procdef (ID_);

--
-- Create table `act_ru_suspended_job`
--
CREATE TABLE act_ru_suspended_job (
  ID_ varchar(64) binary NOT NULL,
  REV_ int(11) DEFAULT NULL,
  TYPE_ varchar(255) binary NOT NULL,
  EXCLUSIVE_ tinyint(1) DEFAULT NULL,
  EXECUTION_ID_ varchar(64) binary DEFAULT NULL,
  PROCESS_INSTANCE_ID_ varchar(64) binary DEFAULT NULL,
  PROC_DEF_ID_ varchar(64) binary DEFAULT NULL,
  RETRIES_ int(11) DEFAULT NULL,
  EXCEPTION_STACK_ID_ varchar(64) binary DEFAULT NULL,
  EXCEPTION_MSG_ varchar(4000) binary DEFAULT NULL,
  DUEDATE_ timestamp(3) NULL DEFAULT NULL,
  REPEAT_ varchar(255) binary DEFAULT NULL,
  HANDLER_TYPE_ varchar(255) binary DEFAULT NULL,
  HANDLER_CFG_ varchar(4000) binary DEFAULT NULL,
  TENANT_ID_ varchar(255) binary DEFAULT '',
  PRIMARY KEY (ID_)
)
ENGINE = INNODB,
CHARACTER SET utf8,
COLLATE utf8_bin;

--
-- Create foreign key
--
ALTER TABLE act_ru_suspended_job
ADD CONSTRAINT ACT_FK_SUSPENDED_JOB_EXCEPTION FOREIGN KEY (EXCEPTION_STACK_ID_)
REFERENCES act_ge_bytearray (ID_);

--
-- Create foreign key
--
ALTER TABLE act_ru_suspended_job
ADD CONSTRAINT ACT_FK_SUSPENDED_JOB_EXECUTION FOREIGN KEY (EXECUTION_ID_)
REFERENCES act_ru_execution (ID_);

--
-- Create foreign key
--
ALTER TABLE act_ru_suspended_job
ADD CONSTRAINT ACT_FK_SUSPENDED_JOB_PROCESS_INSTANCE FOREIGN KEY (PROCESS_INSTANCE_ID_)
REFERENCES act_ru_execution (ID_);

--
-- Create foreign key
--
ALTER TABLE act_ru_suspended_job
ADD CONSTRAINT ACT_FK_SUSPENDED_JOB_PROC_DEF FOREIGN KEY (PROC_DEF_ID_)
REFERENCES act_re_procdef (ID_);

--
-- Create table `act_ru_job`
--
CREATE TABLE act_ru_job (
  ID_ varchar(64) binary NOT NULL,
  REV_ int(11) DEFAULT NULL,
  TYPE_ varchar(255) binary NOT NULL,
  LOCK_EXP_TIME_ timestamp(3) NULL DEFAULT NULL,
  LOCK_OWNER_ varchar(255) binary DEFAULT NULL,
  EXCLUSIVE_ tinyint(1) DEFAULT NULL,
  EXECUTION_ID_ varchar(64) binary DEFAULT NULL,
  PROCESS_INSTANCE_ID_ varchar(64) binary DEFAULT NULL,
  PROC_DEF_ID_ varchar(64) binary DEFAULT NULL,
  RETRIES_ int(11) DEFAULT NULL,
  EXCEPTION_STACK_ID_ varchar(64) binary DEFAULT NULL,
  EXCEPTION_MSG_ varchar(4000) binary DEFAULT NULL,
  DUEDATE_ timestamp(3) NULL DEFAULT NULL,
  REPEAT_ varchar(255) binary DEFAULT NULL,
  HANDLER_TYPE_ varchar(255) binary DEFAULT NULL,
  HANDLER_CFG_ varchar(4000) binary DEFAULT NULL,
  TENANT_ID_ varchar(255) binary DEFAULT '',
  PRIMARY KEY (ID_)
)
ENGINE = INNODB,
CHARACTER SET utf8,
COLLATE utf8_bin;

--
-- Create foreign key
--
ALTER TABLE act_ru_job
ADD CONSTRAINT ACT_FK_JOB_EXCEPTION FOREIGN KEY (EXCEPTION_STACK_ID_)
REFERENCES act_ge_bytearray (ID_);

--
-- Create foreign key
--
ALTER TABLE act_ru_job
ADD CONSTRAINT ACT_FK_JOB_EXECUTION FOREIGN KEY (EXECUTION_ID_)
REFERENCES act_ru_execution (ID_);

--
-- Create foreign key
--
ALTER TABLE act_ru_job
ADD CONSTRAINT ACT_FK_JOB_PROCESS_INSTANCE FOREIGN KEY (PROCESS_INSTANCE_ID_)
REFERENCES act_ru_execution (ID_);

--
-- Create foreign key
--
ALTER TABLE act_ru_job
ADD CONSTRAINT ACT_FK_JOB_PROC_DEF FOREIGN KEY (PROC_DEF_ID_)
REFERENCES act_re_procdef (ID_);

--
-- Create table `act_ru_deadletter_job`
--
CREATE TABLE act_ru_deadletter_job (
  ID_ varchar(64) binary NOT NULL,
  REV_ int(11) DEFAULT NULL,
  TYPE_ varchar(255) binary NOT NULL,
  EXCLUSIVE_ tinyint(1) DEFAULT NULL,
  EXECUTION_ID_ varchar(64) binary DEFAULT NULL,
  PROCESS_INSTANCE_ID_ varchar(64) binary DEFAULT NULL,
  PROC_DEF_ID_ varchar(64) binary DEFAULT NULL,
  EXCEPTION_STACK_ID_ varchar(64) binary DEFAULT NULL,
  EXCEPTION_MSG_ varchar(4000) binary DEFAULT NULL,
  DUEDATE_ timestamp(3) NULL DEFAULT NULL,
  REPEAT_ varchar(255) binary DEFAULT NULL,
  HANDLER_TYPE_ varchar(255) binary DEFAULT NULL,
  HANDLER_CFG_ varchar(4000) binary DEFAULT NULL,
  TENANT_ID_ varchar(255) binary DEFAULT '',
  PRIMARY KEY (ID_)
)
ENGINE = INNODB,
CHARACTER SET utf8,
COLLATE utf8_bin;

--
-- Create foreign key
--
ALTER TABLE act_ru_deadletter_job
ADD CONSTRAINT ACT_FK_DEADLETTER_JOB_EXCEPTION FOREIGN KEY (EXCEPTION_STACK_ID_)
REFERENCES act_ge_bytearray (ID_);

--
-- Create foreign key
--
ALTER TABLE act_ru_deadletter_job
ADD CONSTRAINT ACT_FK_DEADLETTER_JOB_EXECUTION FOREIGN KEY (EXECUTION_ID_)
REFERENCES act_ru_execution (ID_);

--
-- Create foreign key
--
ALTER TABLE act_ru_deadletter_job
ADD CONSTRAINT ACT_FK_DEADLETTER_JOB_PROCESS_INSTANCE FOREIGN KEY (PROCESS_INSTANCE_ID_)
REFERENCES act_ru_execution (ID_);

--
-- Create foreign key
--
ALTER TABLE act_ru_deadletter_job
ADD CONSTRAINT ACT_FK_DEADLETTER_JOB_PROC_DEF FOREIGN KEY (PROC_DEF_ID_)
REFERENCES act_re_procdef (ID_);

--
-- Create table `act_re_model`
--
CREATE TABLE act_re_model (
  ID_ varchar(64) binary NOT NULL,
  REV_ int(11) DEFAULT NULL,
  NAME_ varchar(255) binary DEFAULT NULL,
  KEY_ varchar(255) binary DEFAULT NULL,
  CATEGORY_ varchar(255) binary DEFAULT NULL,
  CREATE_TIME_ timestamp(3) NULL DEFAULT NULL,
  LAST_UPDATE_TIME_ timestamp(3) NULL DEFAULT NULL,
  VERSION_ int(11) DEFAULT NULL,
  META_INFO_ varchar(4000) binary DEFAULT NULL,
  DEPLOYMENT_ID_ varchar(64) binary DEFAULT NULL,
  EDITOR_SOURCE_VALUE_ID_ varchar(64) binary DEFAULT NULL,
  EDITOR_SOURCE_EXTRA_VALUE_ID_ varchar(64) binary DEFAULT NULL,
  TENANT_ID_ varchar(255) binary DEFAULT '',
  PRIMARY KEY (ID_)
)
ENGINE = INNODB,
CHARACTER SET utf8,
COLLATE utf8_bin;

--
-- Create foreign key
--
ALTER TABLE act_re_model
ADD CONSTRAINT ACT_FK_MODEL_DEPLOYMENT FOREIGN KEY (DEPLOYMENT_ID_)
REFERENCES act_re_deployment (ID_);

--
-- Create foreign key
--
ALTER TABLE act_re_model
ADD CONSTRAINT ACT_FK_MODEL_SOURCE FOREIGN KEY (EDITOR_SOURCE_VALUE_ID_)
REFERENCES act_ge_bytearray (ID_);

--
-- Create foreign key
--
ALTER TABLE act_re_model
ADD CONSTRAINT ACT_FK_MODEL_SOURCE_EXTRA FOREIGN KEY (EDITOR_SOURCE_EXTRA_VALUE_ID_)
REFERENCES act_ge_bytearray (ID_);

--
-- Create table `act_procdef_info`
--
CREATE TABLE act_procdef_info (
  ID_ varchar(64) binary NOT NULL,
  PROC_DEF_ID_ varchar(64) binary NOT NULL,
  REV_ int(11) DEFAULT NULL,
  INFO_JSON_ID_ varchar(64) binary DEFAULT NULL,
  PRIMARY KEY (ID_)
)
ENGINE = INNODB,
CHARACTER SET utf8,
COLLATE utf8_bin;

--
-- Create index `ACT_IDX_INFO_PROCDEF` on table `act_procdef_info`
--
ALTER TABLE act_procdef_info
ADD INDEX ACT_IDX_INFO_PROCDEF (PROC_DEF_ID_);

--
-- Create index `ACT_UNIQ_INFO_PROCDEF` on table `act_procdef_info`
--
ALTER TABLE act_procdef_info
ADD UNIQUE INDEX ACT_UNIQ_INFO_PROCDEF (PROC_DEF_ID_);

--
-- Create foreign key
--
ALTER TABLE act_procdef_info
ADD CONSTRAINT ACT_FK_INFO_JSON_BA FOREIGN KEY (INFO_JSON_ID_)
REFERENCES act_ge_bytearray (ID_);

--
-- Create foreign key
--
ALTER TABLE act_procdef_info
ADD CONSTRAINT ACT_FK_INFO_PROCDEF FOREIGN KEY (PROC_DEF_ID_)
REFERENCES act_re_procdef (ID_);

--
-- Create table `wechat_menu`
--
CREATE TABLE wechat_menu (
  id bigint(20) NOT NULL AUTO_INCREMENT COMMENT '编号',
  parent_id bigint(20) DEFAULT NULL COMMENT '上级id',
  name varchar(50) DEFAULT NULL COMMENT '菜单名称',
  type varchar(10) DEFAULT NULL COMMENT '类型',
  url varchar(100) DEFAULT NULL COMMENT '网页 链接，用户点击菜单可打开链接',
  meun_key varchar(20) DEFAULT NULL COMMENT '菜单KEY值，用于消息接口推送',
  sort tinyint(3) DEFAULT NULL COMMENT '排序',
  create_time timestamp NOT NULL DEFAULT CURRENT_TIMESTAMP COMMENT '创建时间',
  update_time timestamp NOT NULL DEFAULT CURRENT_TIMESTAMP ON UPDATE CURRENT_TIMESTAMP,
  is_deleted tinyint(3) NOT NULL DEFAULT 0,
  PRIMARY KEY (id)
)
ENGINE = INNODB,
CHARACTER SET utf8,
COLLATE utf8_general_ci,
COMMENT = '菜单';

--
-- Create table `sys_user_role`
--
CREATE TABLE sys_user_role (
  id bigint(20) NOT NULL AUTO_INCREMENT COMMENT '主键id',
  role_id bigint(20) NOT NULL DEFAULT 0 COMMENT '角色id',
  user_id bigint(20) NOT NULL DEFAULT 0 COMMENT '用户id',
  create_time timestamp NOT NULL DEFAULT CURRENT_TIMESTAMP COMMENT '创建时间',
  update_time timestamp NOT NULL DEFAULT CURRENT_TIMESTAMP ON UPDATE CURRENT_TIMESTAMP COMMENT '更新时间',
  is_deleted tinyint(3) NOT NULL DEFAULT 0 COMMENT '删除标记（0:不可用 1:可用）',
  PRIMARY KEY (id)
)
ENGINE = INNODB,
AUTO_INCREMENT = 6,
AVG_ROW_LENGTH = 3276,
CHARACTER SET utf8,
COLLATE utf8_general_ci,
COMMENT = '用户角色';

--
-- Create index `idx_admin_id` on table `sys_user_role`
--
ALTER TABLE sys_user_role
ADD INDEX idx_admin_id (user_id);

--
-- Create index `idx_role_id` on table `sys_user_role`
--
ALTER TABLE sys_user_role
ADD INDEX idx_role_id (role_id);

--
-- Create table `sys_user`
--
CREATE TABLE sys_user (
  id bigint(20) NOT NULL AUTO_INCREMENT COMMENT '会员id',
  username varchar(20) NOT NULL DEFAULT '' COMMENT '用户名',
  password varchar(32) NOT NULL DEFAULT '' COMMENT '密码',
  name varchar(50) DEFAULT NULL COMMENT '姓名',
  phone varchar(11) DEFAULT NULL COMMENT '手机',
  head_url varchar(200) DEFAULT NULL COMMENT '头像地址',
  dept_id bigint(20) DEFAULT NULL COMMENT '部门id',
  post_id bigint(20) DEFAULT NULL COMMENT '岗位id',
  open_id varchar(255) DEFAULT NULL COMMENT '微信openId',
  description varchar(255) DEFAULT NULL COMMENT '描述',
  status tinyint(3) DEFAULT NULL COMMENT '状态（1：正常 0：停用）',
  create_time timestamp NOT NULL DEFAULT CURRENT_TIMESTAMP COMMENT '创建时间',
  update_time timestamp NOT NULL DEFAULT CURRENT_TIMESTAMP ON UPDATE CURRENT_TIMESTAMP COMMENT '更新时间',
  is_deleted tinyint(3) NOT NULL DEFAULT 0 COMMENT '删除标记（0:不可用 1:可用）',
  PRIMARY KEY (id)
)
ENGINE = INNODB,
AUTO_INCREMENT = 10,
AVG_ROW_LENGTH = 2730,
CHARACTER SET utf8mb4,
COLLATE utf8mb4_general_ci,
COMMENT = '用户表';

--
-- Create index `idx_username` on table `sys_user`
--
ALTER TABLE sys_user
ADD UNIQUE INDEX idx_username (username);

--
-- Create table `sys_role_menu`
--
CREATE TABLE sys_role_menu (
  id bigint(20) NOT NULL AUTO_INCREMENT,
  role_id bigint(20) NOT NULL DEFAULT 0,
  menu_id bigint(11) NOT NULL DEFAULT 0,
  create_time timestamp NOT NULL DEFAULT CURRENT_TIMESTAMP COMMENT '创建时间',
  update_time timestamp NOT NULL DEFAULT CURRENT_TIMESTAMP ON UPDATE CURRENT_TIMESTAMP COMMENT '更新时间',
  is_deleted tinyint(3) NOT NULL DEFAULT 0 COMMENT '删除标记（0:不可用 1:可用）',
  PRIMARY KEY (id)
)
ENGINE = INNODB,
AUTO_INCREMENT = 5,
AVG_ROW_LENGTH = 5461,
CHARACTER SET utf8,
COLLATE utf8_general_ci,
COMMENT = '角色菜单';

--
-- Create index `idx_menu_id` on table `sys_role_menu`
--
ALTER TABLE sys_role_menu
ADD INDEX idx_menu_id (menu_id);

--
-- Create index `idx_role_id` on table `sys_role_menu`
--
ALTER TABLE sys_role_menu
ADD INDEX idx_role_id (role_id);

--
-- Create table `sys_role`
--
CREATE TABLE sys_role (
  id bigint(20) NOT NULL AUTO_INCREMENT COMMENT '角色id',
  role_name varchar(20) NOT NULL DEFAULT '' COMMENT '角色名称',
  role_code varchar(20) DEFAULT NULL COMMENT '角色编码',
  description varchar(255) DEFAULT NULL COMMENT '描述',
  create_time timestamp NOT NULL DEFAULT CURRENT_TIMESTAMP COMMENT '创建时间',
  update_time timestamp NOT NULL DEFAULT CURRENT_TIMESTAMP ON UPDATE CURRENT_TIMESTAMP COMMENT '更新时间',
  is_deleted tinyint(3) NOT NULL DEFAULT 0 COMMENT '删除标记（0:不可用 1:可用）',
  PRIMARY KEY (id)
)
ENGINE = INNODB,
AUTO_INCREMENT = 18,
AVG_ROW_LENGTH = 2340,
CHARACTER SET utf8,
COLLATE utf8_general_ci,
COMMENT = '角色';

--
-- Create table `sys_post`
--
CREATE TABLE sys_post (
  id bigint(20) NOT NULL AUTO_INCREMENT COMMENT '岗位ID',
  post_code varchar(64) NOT NULL COMMENT '岗位编码',
  name varchar(50) NOT NULL DEFAULT '' COMMENT '岗位名称',
  description varchar(255) NOT NULL DEFAULT '' COMMENT '描述',
  status tinyint(1) NOT NULL DEFAULT 1 COMMENT '状态（1正常 0停用）',
  create_time timestamp NOT NULL DEFAULT CURRENT_TIMESTAMP ON UPDATE CURRENT_TIMESTAMP,
  update_time timestamp NULL DEFAULT NULL ON UPDATE CURRENT_TIMESTAMP,
  is_deleted tinyint(3) NOT NULL DEFAULT 0 COMMENT '删除标记（0:不可用 1:可用）',
  PRIMARY KEY (id)
)
ENGINE = INNODB,
CHARACTER SET utf8,
COLLATE utf8_general_ci,
COMMENT = '岗位信息表';

--
-- Create table `sys_oper_log`
--
CREATE TABLE sys_oper_log (
  id bigint(20) NOT NULL AUTO_INCREMENT COMMENT '日志主键',
  title varchar(50) DEFAULT '' COMMENT '模块标题',
  business_type varchar(20) DEFAULT '0' COMMENT '业务类型（0其它 1新增 2修改 3删除）',
  method varchar(100) DEFAULT '' COMMENT '方法名称',
  request_method varchar(10) DEFAULT '' COMMENT '请求方式',
  operator_type varchar(20) DEFAULT '0' COMMENT '操作类别（0其它 1后台用户 2手机端用户）',
  oper_name varchar(50) DEFAULT '' COMMENT '操作人员',
  dept_name varchar(50) DEFAULT '' COMMENT '部门名称',
  oper_url varchar(255) DEFAULT '' COMMENT '请求URL',
  oper_ip varchar(128) DEFAULT '' COMMENT '主机地址',
  oper_param varchar(2000) DEFAULT '' COMMENT '请求参数',
  json_result varchar(2000) DEFAULT '' COMMENT '返回参数',
  status int(1) DEFAULT 0 COMMENT '操作状态（0正常 1异常）',
  error_msg varchar(2000) DEFAULT '' COMMENT '错误消息',
  oper_time datetime DEFAULT NULL COMMENT '操作时间',
  create_time timestamp NOT NULL DEFAULT CURRENT_TIMESTAMP ON UPDATE CURRENT_TIMESTAMP,
  update_time timestamp NULL DEFAULT NULL ON UPDATE CURRENT_TIMESTAMP,
  is_deleted tinyint(3) NOT NULL DEFAULT 0 COMMENT '删除标记（0:不可用 1:可用）',
  PRIMARY KEY (id)
)
ENGINE = INNODB,
CHARACTER SET utf8,
COLLATE utf8_general_ci,
COMMENT = '操作日志记录';

--
-- Create table `sys_menu`
--
CREATE TABLE sys_menu (
  id bigint(20) NOT NULL AUTO_INCREMENT COMMENT '编号',
  parent_id bigint(20) NOT NULL DEFAULT 0 COMMENT '所属上级',
  name varchar(20) NOT NULL DEFAULT '' COMMENT '名称',
  type tinyint(3) NOT NULL DEFAULT 0 COMMENT '类型(0:目录,1:菜单,2:按钮)',
  path varchar(100) DEFAULT NULL COMMENT '路由地址',
  component varchar(100) DEFAULT NULL COMMENT '组件路径',
  perms varchar(100) DEFAULT NULL COMMENT '权限标识',
  icon varchar(100) DEFAULT NULL COMMENT '图标',
  sort_value int(11) DEFAULT NULL COMMENT '排序',
  status tinyint(4) DEFAULT NULL COMMENT '状态(0:禁止,1:正常)',
  create_time timestamp NOT NULL DEFAULT CURRENT_TIMESTAMP COMMENT '创建时间',
  update_time timestamp NOT NULL DEFAULT CURRENT_TIMESTAMP ON UPDATE CURRENT_TIMESTAMP COMMENT '更新时间',
  is_deleted tinyint(3) NOT NULL DEFAULT 0 COMMENT '删除标记（0:不可用 1:可用）',
  PRIMARY KEY (id)
)
ENGINE = INNODB,
AUTO_INCREMENT = 8,
AVG_ROW_LENGTH = 3276,
CHARACTER SET utf8mb4,
COLLATE utf8mb4_general_ci,
COMMENT = '菜单表';

--
-- Create index `idx_parent_id` on table `sys_menu`
--
ALTER TABLE sys_menu
ADD INDEX idx_parent_id (parent_id);

--
-- Create table `sys_login_log`
--
CREATE TABLE sys_login_log (
  id bigint(20) NOT NULL AUTO_INCREMENT COMMENT '访问ID',
  username varchar(50) DEFAULT '' COMMENT '用户账号',
  ipaddr varchar(128) DEFAULT '' COMMENT '登录IP地址',
  status tinyint(1) DEFAULT 0 COMMENT '登录状态（0成功 1失败）',
  msg varchar(255) DEFAULT '' COMMENT '提示信息',
  access_time datetime DEFAULT NULL COMMENT '访问时间',
  create_time timestamp NOT NULL DEFAULT CURRENT_TIMESTAMP ON UPDATE CURRENT_TIMESTAMP,
  update_time timestamp NULL DEFAULT NULL ON UPDATE CURRENT_TIMESTAMP,
  is_deleted tinyint(3) NOT NULL DEFAULT 0 COMMENT '删除标记（0:不可用 1:可用）',
  PRIMARY KEY (id)
)
ENGINE = INNODB,
CHARACTER SET utf8,
COLLATE utf8_general_ci,
COMMENT = '系统访问记录';

--
-- Create table `sys_dept`
--
CREATE TABLE sys_dept (
  id bigint(20) NOT NULL AUTO_INCREMENT,
  name varchar(50) NOT NULL DEFAULT '' COMMENT '部门名称',
  parent_id bigint(20) DEFAULT 0 COMMENT '上级部门id',
  tree_path varchar(255) DEFAULT ',' COMMENT '树结构',
  sort_value int(11) DEFAULT 1 COMMENT '排序',
  leader varchar(20) DEFAULT NULL COMMENT '负责人',
  phone varchar(11) DEFAULT NULL COMMENT '电话',
  status tinyint(1) DEFAULT 1 COMMENT '状态（1正常 0停用）',
  create_time timestamp NOT NULL DEFAULT CURRENT_TIMESTAMP ON UPDATE CURRENT_TIMESTAMP,
  update_time timestamp NULL DEFAULT NULL ON UPDATE CURRENT_TIMESTAMP,
  is_deleted tinyint(3) NOT NULL DEFAULT 0 COMMENT '删除标记（0:不可用 1:可用）',
  PRIMARY KEY (id)
)
ENGINE = INNODB,
CHARACTER SET utf8mb4,
COLLATE utf8mb4_general_ci,
COMMENT = '组织机构',
ROW_FORMAT = COMPACT;

--
-- Create table `oa_process_type`
--
CREATE TABLE oa_process_type (
  id bigint(20) NOT NULL AUTO_INCREMENT COMMENT 'id',
  name varchar(20) NOT NULL DEFAULT '' COMMENT '类型名称',
  description varchar(255) DEFAULT NULL COMMENT '描述',
  create_time timestamp NOT NULL DEFAULT CURRENT_TIMESTAMP COMMENT '创建时间',
  update_time timestamp NOT NULL DEFAULT CURRENT_TIMESTAMP ON UPDATE CURRENT_TIMESTAMP COMMENT '更新时间',
  is_deleted tinyint(3) NOT NULL DEFAULT 0 COMMENT '删除标记（0:不可用 1:可用）',
  PRIMARY KEY (id)
)
ENGINE = INNODB,
CHARACTER SET utf8,
COLLATE utf8_general_ci,
COMMENT = '审批类型';

--
-- Create table `oa_process_template`
--
CREATE TABLE oa_process_template (
  id bigint(20) NOT NULL AUTO_INCREMENT COMMENT '角色id',
  name varchar(20) NOT NULL DEFAULT '' COMMENT '模板名称',
  icon_url varchar(100) DEFAULT NULL COMMENT '图标路径',
  process_type_id varchar(255) DEFAULT NULL,
  form_props text DEFAULT NULL COMMENT '表单属性',
  form_options text DEFAULT NULL COMMENT '表单选项',
  process_definition_key varchar(20) DEFAULT NULL COMMENT '流程定义key',
  process_definition_path varchar(255) DEFAULT NULL COMMENT '流程定义上传路径',
  process_model_id varchar(255) DEFAULT NULL COMMENT '流程定义模型id',
  description varchar(255) DEFAULT NULL COMMENT '描述',
  status tinyint(3) NOT NULL DEFAULT 0,
  create_time timestamp NOT NULL DEFAULT CURRENT_TIMESTAMP COMMENT '创建时间',
  update_time timestamp NOT NULL DEFAULT CURRENT_TIMESTAMP ON UPDATE CURRENT_TIMESTAMP COMMENT '更新时间',
  is_deleted tinyint(3) NOT NULL DEFAULT 0 COMMENT '删除标记（0:不可用 1:可用）',
  PRIMARY KEY (id)
)
ENGINE = INNODB,
CHARACTER SET utf8,
COLLATE utf8_general_ci,
COMMENT = '审批模板';

--
-- Create table `oa_process_record`
--
CREATE TABLE oa_process_record (
  id bigint(20) NOT NULL AUTO_INCREMENT COMMENT 'id',
  process_id bigint(20) NOT NULL DEFAULT 0 COMMENT '审批流程id',
  description varchar(255) DEFAULT NULL COMMENT '审批描述',
  status tinyint(3) DEFAULT 0 COMMENT '状态',
  operate_user_id bigint(20) NOT NULL DEFAULT 0 COMMENT '操作用户id',
  operate_user varchar(20) DEFAULT NULL COMMENT '操作用户',
  create_time timestamp NOT NULL DEFAULT CURRENT_TIMESTAMP COMMENT '创建时间',
  update_time timestamp NOT NULL DEFAULT CURRENT_TIMESTAMP ON UPDATE CURRENT_TIMESTAMP COMMENT '更新时间',
  is_deleted tinyint(3) NOT NULL DEFAULT 0 COMMENT '删除标记（0:不可用 1:可用）',
  PRIMARY KEY (id)
)
ENGINE = INNODB,
CHARACTER SET utf8,
COLLATE utf8_general_ci,
COMMENT = '审批记录';

--
-- Create table `oa_process`
--
CREATE TABLE oa_process (
  id bigint(20) NOT NULL AUTO_INCREMENT COMMENT 'id',
  process_code varchar(50) NOT NULL DEFAULT '' COMMENT '审批code',
  user_id bigint(1) NOT NULL DEFAULT 0 COMMENT '用户id',
  process_template_id bigint(20) DEFAULT NULL COMMENT '审批模板id',
  process_type_id bigint(20) DEFAULT NULL COMMENT '审批类型id',
  title varchar(255) DEFAULT NULL COMMENT '标题',
  description varchar(255) DEFAULT NULL COMMENT '描述',
  form_values text DEFAULT NULL COMMENT '表单值',
  process_instance_id varchar(255) DEFAULT NULL COMMENT '流程实例id',
  current_auditor varchar(255) DEFAULT NULL COMMENT '当前审批人',
  status tinyint(3) DEFAULT NULL COMMENT '状态（0：默认 1：审批中 2：审批通过 -1：驳回）',
  create_time timestamp NOT NULL DEFAULT CURRENT_TIMESTAMP COMMENT '创建时间',
  update_time timestamp NOT NULL DEFAULT CURRENT_TIMESTAMP ON UPDATE CURRENT_TIMESTAMP COMMENT '更新时间',
  is_deleted tinyint(3) NOT NULL DEFAULT 0 COMMENT '删除标记（0:不可用 1:可用）',
  PRIMARY KEY (id)
)
ENGINE = INNODB,
CHARACTER SET utf8,
COLLATE utf8_general_ci,
COMMENT = '审批类型';

--
-- Create table `act_hi_varinst`
--
CREATE TABLE act_hi_varinst (
  ID_ varchar(64) binary NOT NULL,
  PROC_INST_ID_ varchar(64) binary DEFAULT NULL,
  EXECUTION_ID_ varchar(64) binary DEFAULT NULL,
  TASK_ID_ varchar(64) binary DEFAULT NULL,
  NAME_ varchar(255) binary NOT NULL,
  VAR_TYPE_ varchar(100) binary DEFAULT NULL,
  REV_ int(11) DEFAULT NULL,
  BYTEARRAY_ID_ varchar(64) binary DEFAULT NULL,
  DOUBLE_ double DEFAULT NULL,
  LONG_ bigint(20) DEFAULT NULL,
  TEXT_ varchar(4000) binary DEFAULT NULL,
  TEXT2_ varchar(4000) binary DEFAULT NULL,
  CREATE_TIME_ datetime(3) DEFAULT NULL,
  LAST_UPDATED_TIME_ datetime(3) DEFAULT NULL,
  PRIMARY KEY (ID_)
)
ENGINE = INNODB,
CHARACTER SET utf8,
COLLATE utf8_bin;

--
-- Create index `ACT_IDX_HI_PROCVAR_NAME_TYPE` on table `act_hi_varinst`
--
ALTER TABLE act_hi_varinst
ADD INDEX ACT_IDX_HI_PROCVAR_NAME_TYPE (NAME_, VAR_TYPE_);

--
-- Create index `ACT_IDX_HI_PROCVAR_PROC_INST` on table `act_hi_varinst`
--
ALTER TABLE act_hi_varinst
ADD INDEX ACT_IDX_HI_PROCVAR_PROC_INST (PROC_INST_ID_);

--
-- Create index `ACT_IDX_HI_PROCVAR_TASK_ID` on table `act_hi_varinst`
--
ALTER TABLE act_hi_varinst
ADD INDEX ACT_IDX_HI_PROCVAR_TASK_ID (TASK_ID_);

--
-- Create table `act_hi_taskinst`
--
CREATE TABLE act_hi_taskinst (
  ID_ varchar(64) binary NOT NULL,
  PROC_DEF_ID_ varchar(64) binary DEFAULT NULL,
  TASK_DEF_KEY_ varchar(255) binary DEFAULT NULL,
  PROC_INST_ID_ varchar(64) binary DEFAULT NULL,
  EXECUTION_ID_ varchar(64) binary DEFAULT NULL,
  NAME_ varchar(255) binary DEFAULT NULL,
  PARENT_TASK_ID_ varchar(64) binary DEFAULT NULL,
  DESCRIPTION_ varchar(4000) binary DEFAULT NULL,
  OWNER_ varchar(255) binary DEFAULT NULL,
  ASSIGNEE_ varchar(255) binary DEFAULT NULL,
  START_TIME_ datetime(3) NOT NULL,
  CLAIM_TIME_ datetime(3) DEFAULT NULL,
  END_TIME_ datetime(3) DEFAULT NULL,
  DURATION_ bigint(20) DEFAULT NULL,
  DELETE_REASON_ varchar(4000) binary DEFAULT NULL,
  PRIORITY_ int(11) DEFAULT NULL,
  DUE_DATE_ datetime(3) DEFAULT NULL,
  FORM_KEY_ varchar(255) binary DEFAULT NULL,
  CATEGORY_ varchar(255) binary DEFAULT NULL,
  TENANT_ID_ varchar(255) binary DEFAULT '',
  PRIMARY KEY (ID_)
)
ENGINE = INNODB,
CHARACTER SET utf8,
COLLATE utf8_bin;

--
-- Create index `ACT_IDX_HI_TASK_INST_PROCINST` on table `act_hi_taskinst`
--
ALTER TABLE act_hi_taskinst
ADD INDEX ACT_IDX_HI_TASK_INST_PROCINST (PROC_INST_ID_);

--
-- Create table `act_hi_procinst`
--
CREATE TABLE act_hi_procinst (
  ID_ varchar(64) binary NOT NULL,
  PROC_INST_ID_ varchar(64) binary NOT NULL,
  BUSINESS_KEY_ varchar(255) binary DEFAULT NULL,
  PROC_DEF_ID_ varchar(64) binary NOT NULL,
  START_TIME_ datetime(3) NOT NULL,
  END_TIME_ datetime(3) DEFAULT NULL,
  DURATION_ bigint(20) DEFAULT NULL,
  START_USER_ID_ varchar(255) binary DEFAULT NULL,
  START_ACT_ID_ varchar(255) binary DEFAULT NULL,
  END_ACT_ID_ varchar(255) binary DEFAULT NULL,
  SUPER_PROCESS_INSTANCE_ID_ varchar(64) binary DEFAULT NULL,
  DELETE_REASON_ varchar(4000) binary DEFAULT NULL,
  TENANT_ID_ varchar(255) binary DEFAULT '',
  NAME_ varchar(255) binary DEFAULT NULL,
  PRIMARY KEY (ID_)
)
ENGINE = INNODB,
CHARACTER SET utf8,
COLLATE utf8_bin;

--
-- Create index `ACT_IDX_HI_PRO_I_BUSKEY` on table `act_hi_procinst`
--
ALTER TABLE act_hi_procinst
ADD INDEX ACT_IDX_HI_PRO_I_BUSKEY (BUSINESS_KEY_);

--
-- Create index `ACT_IDX_HI_PRO_INST_END` on table `act_hi_procinst`
--
ALTER TABLE act_hi_procinst
ADD INDEX ACT_IDX_HI_PRO_INST_END (END_TIME_);

--
-- Create index `PROC_INST_ID_` on table `act_hi_procinst`
--
ALTER TABLE act_hi_procinst
ADD UNIQUE INDEX PROC_INST_ID_ (PROC_INST_ID_);

--
-- Create table `act_hi_identitylink`
--
CREATE TABLE act_hi_identitylink (
  ID_ varchar(64) binary NOT NULL,
  GROUP_ID_ varchar(255) binary DEFAULT NULL,
  TYPE_ varchar(255) binary DEFAULT NULL,
  USER_ID_ varchar(255) binary DEFAULT NULL,
  TASK_ID_ varchar(64) binary DEFAULT NULL,
  PROC_INST_ID_ varchar(64) binary DEFAULT NULL,
  PRIMARY KEY (ID_)
)
ENGINE = INNODB,
CHARACTER SET utf8,
COLLATE utf8_bin;

--
-- Create index `ACT_IDX_HI_IDENT_LNK_PROCINST` on table `act_hi_identitylink`
--
ALTER TABLE act_hi_identitylink
ADD INDEX ACT_IDX_HI_IDENT_LNK_PROCINST (PROC_INST_ID_);

--
-- Create index `ACT_IDX_HI_IDENT_LNK_TASK` on table `act_hi_identitylink`
--
ALTER TABLE act_hi_identitylink
ADD INDEX ACT_IDX_HI_IDENT_LNK_TASK (TASK_ID_);

--
-- Create index `ACT_IDX_HI_IDENT_LNK_USER` on table `act_hi_identitylink`
--
ALTER TABLE act_hi_identitylink
ADD INDEX ACT_IDX_HI_IDENT_LNK_USER (USER_ID_);

--
-- Create table `act_hi_detail`
--
CREATE TABLE act_hi_detail (
  ID_ varchar(64) binary NOT NULL,
  TYPE_ varchar(255) binary NOT NULL,
  PROC_INST_ID_ varchar(64) binary DEFAULT NULL,
  EXECUTION_ID_ varchar(64) binary DEFAULT NULL,
  TASK_ID_ varchar(64) binary DEFAULT NULL,
  ACT_INST_ID_ varchar(64) binary DEFAULT NULL,
  NAME_ varchar(255) binary NOT NULL,
  VAR_TYPE_ varchar(255) binary DEFAULT NULL,
  REV_ int(11) DEFAULT NULL,
  TIME_ datetime(3) NOT NULL,
  BYTEARRAY_ID_ varchar(64) binary DEFAULT NULL,
  DOUBLE_ double DEFAULT NULL,
  LONG_ bigint(20) DEFAULT NULL,
  TEXT_ varchar(4000) binary DEFAULT NULL,
  TEXT2_ varchar(4000) binary DEFAULT NULL,
  PRIMARY KEY (ID_)
)
ENGINE = INNODB,
CHARACTER SET utf8,
COLLATE utf8_bin;

--
-- Create index `ACT_IDX_HI_DETAIL_ACT_INST` on table `act_hi_detail`
--
ALTER TABLE act_hi_detail
ADD INDEX ACT_IDX_HI_DETAIL_ACT_INST (ACT_INST_ID_);

--
-- Create index `ACT_IDX_HI_DETAIL_NAME` on table `act_hi_detail`
--
ALTER TABLE act_hi_detail
ADD INDEX ACT_IDX_HI_DETAIL_NAME (NAME_);

--
-- Create index `ACT_IDX_HI_DETAIL_PROC_INST` on table `act_hi_detail`
--
ALTER TABLE act_hi_detail
ADD INDEX ACT_IDX_HI_DETAIL_PROC_INST (PROC_INST_ID_);

--
-- Create index `ACT_IDX_HI_DETAIL_TASK_ID` on table `act_hi_detail`
--
ALTER TABLE act_hi_detail
ADD INDEX ACT_IDX_HI_DETAIL_TASK_ID (TASK_ID_);

--
-- Create index `ACT_IDX_HI_DETAIL_TIME` on table `act_hi_detail`
--
ALTER TABLE act_hi_detail
ADD INDEX ACT_IDX_HI_DETAIL_TIME (TIME_);

--
-- Create table `act_hi_comment`
--
CREATE TABLE act_hi_comment (
  ID_ varchar(64) binary NOT NULL,
  TYPE_ varchar(255) binary DEFAULT NULL,
  TIME_ datetime(3) NOT NULL,
  USER_ID_ varchar(255) binary DEFAULT NULL,
  TASK_ID_ varchar(64) binary DEFAULT NULL,
  PROC_INST_ID_ varchar(64) binary DEFAULT NULL,
  ACTION_ varchar(255) binary DEFAULT NULL,
  MESSAGE_ varchar(4000) binary DEFAULT NULL,
  FULL_MSG_ longblob DEFAULT NULL,
  PRIMARY KEY (ID_)
)
ENGINE = INNODB,
CHARACTER SET utf8,
COLLATE utf8_bin;

--
-- Create table `act_hi_attachment`
--
CREATE TABLE act_hi_attachment (
  ID_ varchar(64) binary NOT NULL,
  REV_ int(11) DEFAULT NULL,
  USER_ID_ varchar(255) binary DEFAULT NULL,
  NAME_ varchar(255) binary DEFAULT NULL,
  DESCRIPTION_ varchar(4000) binary DEFAULT NULL,
  TYPE_ varchar(255) binary DEFAULT NULL,
  TASK_ID_ varchar(64) binary DEFAULT NULL,
  PROC_INST_ID_ varchar(64) binary DEFAULT NULL,
  URL_ varchar(4000) binary DEFAULT NULL,
  CONTENT_ID_ varchar(64) binary DEFAULT NULL,
  TIME_ datetime(3) DEFAULT NULL,
  PRIMARY KEY (ID_)
)
ENGINE = INNODB,
CHARACTER SET utf8,
COLLATE utf8_bin;

--
-- Create table `act_hi_actinst`
--
CREATE TABLE act_hi_actinst (
  ID_ varchar(64) binary NOT NULL,
  PROC_DEF_ID_ varchar(64) binary NOT NULL,
  PROC_INST_ID_ varchar(64) binary NOT NULL,
  EXECUTION_ID_ varchar(64) binary NOT NULL,
  ACT_ID_ varchar(255) binary NOT NULL,
  TASK_ID_ varchar(64) binary DEFAULT NULL,
  CALL_PROC_INST_ID_ varchar(64) binary DEFAULT NULL,
  ACT_NAME_ varchar(255) binary DEFAULT NULL,
  ACT_TYPE_ varchar(255) binary NOT NULL,
  ASSIGNEE_ varchar(255) binary DEFAULT NULL,
  START_TIME_ datetime(3) NOT NULL,
  END_TIME_ datetime(3) DEFAULT NULL,
  DURATION_ bigint(20) DEFAULT NULL,
  DELETE_REASON_ varchar(4000) binary DEFAULT NULL,
  TENANT_ID_ varchar(255) binary DEFAULT '',
  PRIMARY KEY (ID_)
)
ENGINE = INNODB,
CHARACTER SET utf8,
COLLATE utf8_bin;

--
-- Create index `ACT_IDX_HI_ACT_INST_END` on table `act_hi_actinst`
--
ALTER TABLE act_hi_actinst
ADD INDEX ACT_IDX_HI_ACT_INST_END (END_TIME_);

--
-- Create index `ACT_IDX_HI_ACT_INST_EXEC` on table `act_hi_actinst`
--
ALTER TABLE act_hi_actinst
ADD INDEX ACT_IDX_HI_ACT_INST_EXEC (EXECUTION_ID_, ACT_ID_);

--
-- Create index `ACT_IDX_HI_ACT_INST_PROCINST` on table `act_hi_actinst`
--
ALTER TABLE act_hi_actinst
ADD INDEX ACT_IDX_HI_ACT_INST_PROCINST (PROC_INST_ID_, ACT_ID_);

--
-- Create index `ACT_IDX_HI_ACT_INST_START` on table `act_hi_actinst`
--
ALTER TABLE act_hi_actinst
ADD INDEX ACT_IDX_HI_ACT_INST_START (START_TIME_);

--
-- Create table `act_ge_property`
--
CREATE TABLE act_ge_property (
  NAME_ varchar(64) binary NOT NULL,
  VALUE_ varchar(300) binary DEFAULT NULL,
  REV_ int(11) DEFAULT NULL,
  PRIMARY KEY (NAME_)
)
ENGINE = INNODB,
AVG_ROW_LENGTH = 4096,
CHARACTER SET utf8,
COLLATE utf8_bin;

--
-- Create table `act_evt_log`
--
CREATE TABLE act_evt_log (
  LOG_NR_ bigint(20) NOT NULL AUTO_INCREMENT,
  TYPE_ varchar(64) binary DEFAULT NULL,
  PROC_DEF_ID_ varchar(64) binary DEFAULT NULL,
  PROC_INST_ID_ varchar(64) binary DEFAULT NULL,
  EXECUTION_ID_ varchar(64) binary DEFAULT NULL,
  TASK_ID_ varchar(64) binary DEFAULT NULL,
  TIME_STAMP_ timestamp(3) NOT NULL DEFAULT CURRENT_TIMESTAMP(3) ON UPDATE CURRENT_TIMESTAMP(3),
  USER_ID_ varchar(255) binary DEFAULT NULL,
  DATA_ longblob DEFAULT NULL,
  LOCK_OWNER_ varchar(255) binary DEFAULT NULL,
  LOCK_TIME_ timestamp(3) NULL DEFAULT NULL,
  IS_PROCESSED_ tinyint(4) DEFAULT 0,
  PRIMARY KEY (LOG_NR_)
)
ENGINE = INNODB,
CHARACTER SET utf8,
COLLATE utf8_bin;

-- 
-- Dumping data for table act_re_procdef
--
-- Table `guigu-oa`.act_re_procdef does not contain any data (it is empty)

-- 
-- Dumping data for table act_ru_execution
--
-- Table `guigu-oa`.act_ru_execution does not contain any data (it is empty)

-- 
-- Dumping data for table act_ru_task
--
-- Table `guigu-oa`.act_ru_task does not contain any data (it is empty)

-- 
-- Dumping data for table act_re_deployment
--
INSERT INTO act_re_deployment VALUES
('072ff2dc-bd41-11ed-ba70-005056c00008', 'SpringAutoDeployment', NULL, NULL, '', '2023-03-08 07:37:30.936', NULL, 16, NULL),
('11202a48-bc1c-11ed-95fd-005056c00008', 'SpringAutoDeployment', NULL, NULL, '', '2023-03-06 20:40:25.074', NULL, 2, NULL),
('21d0702f-bc2a-11ed-a83f-005056c00008', 'SpringAutoDeployment', NULL, NULL, '', '2023-03-06 22:21:06.026', NULL, 9, NULL),
('289cc223-bc2f-11ed-9e27-005056c00008', 'SpringAutoDeployment', NULL, NULL, '', '2023-03-06 22:57:04.914', NULL, 13, NULL),
('3f046615-bc28-11ed-8f32-005056c00008', 'SpringAutoDeployment', NULL, NULL, '', '2023-03-06 22:07:36.028', NULL, 6, NULL),
('53e2bed4-c27e-11ed-8e31-005056c00008', 'SpringAutoDeployment', NULL, NULL, '', '2023-03-14 23:38:54.731', NULL, 20, NULL),
('767d91d5-c27b-11ed-9cd3-005056c00008', 'SpringAutoDeployment', NULL, NULL, '', '2023-03-14 23:18:24.115', NULL, 19, NULL),
('7b2355c3-bc1d-11ed-9f5d-005056c00008', 'SpringAutoDeployment', NULL, NULL, '', '2023-03-06 20:50:32.43', NULL, 3, NULL),
('8ae8637a-c022-11ed-b532-005056c00008', 'SpringAutoDeployment', NULL, NULL, '', '2023-03-11 23:36:51.019', NULL, 18, NULL),
('8cd4adf5-bc2a-11ed-91d1-005056c00008', 'SpringAutoDeployment', NULL, NULL, '', '2023-03-06 22:24:05.57', NULL, 10, NULL),
('911b383b-bc27-11ed-a730-005056c00008', 'SpringAutoDeployment', NULL, NULL, '', '2023-03-06 22:02:44.254', NULL, 4, NULL),
('9761dc5e-bc28-11ed-8654-005056c00008', 'SpringAutoDeployment', NULL, NULL, '', '2023-03-06 22:10:04.28', NULL, 7, NULL),
('aa34481a-c021-11ed-98ef-005056c00008', 'SpringAutoDeployment', NULL, NULL, '', '2023-03-11 23:30:33.974', NULL, 17, NULL),
('b52153ba-bd40-11ed-b631-005056c00008', 'SpringAutoDeployment', NULL, NULL, '', '2023-03-08 07:35:13.227', NULL, 14, NULL),
('daa86251-bc2a-11ed-a04d-005056c00008', 'SpringAutoDeployment', NULL, NULL, '', '2023-03-06 22:26:16.142', NULL, 11, NULL),
('e354431d-bc27-11ed-bcbe-005056c00008', 'SpringAutoDeployment', NULL, NULL, '', '2023-03-06 22:05:02.201', NULL, 5, NULL),
('e689f1c8-bd40-11ed-95e5-005056c00008', 'SpringAutoDeployment', NULL, NULL, '', '2023-03-08 07:36:36.171', NULL, 15, NULL),
('ea534d8d-bc1b-11ed-9baf-005056c00008', 'SpringAutoDeployment', NULL, NULL, '', '2023-03-06 20:39:19.946', NULL, 1, NULL),
('ebb7c46e-bc2e-11ed-bc64-005056c00008', 'SpringAutoDeployment', NULL, NULL, '', '2023-03-06 22:55:22.751', NULL, 12, NULL),
('f6589ee8-bc28-11ed-8a92-005056c00008', 'SpringAutoDeployment', NULL, NULL, '', '2023-03-06 22:12:43.602', NULL, 8, NULL);

-- 
-- Dumping data for table act_ge_bytearray
--
-- Table `guigu-oa`.act_ge_bytearray does not contain any data (it is empty)

-- 
-- Dumping data for table wechat_menu
--
-- Table `guigu-oa`.wechat_menu does not contain any data (it is empty)

-- 
-- Dumping data for table sys_user_role
--
INSERT INTO sys_user_role VALUES
(1, 10, 2, '2023-03-06 21:28:10', '2023-03-06 21:28:23', 1),
(2, 10, 2, '2023-03-06 21:28:23', '2023-08-16 21:55:38', 1),
(3, 16, 8, '2023-03-12 11:35:12', '2023-08-16 21:54:20', 1),
(4, 18, 4, '2023-03-12 11:35:12', '2023-03-12 23:19:44', 0),
(5, 10, 8, '2023-08-16 21:54:20', '2023-08-16 21:55:22', 1);

-- 
-- Dumping data for table sys_user
--
INSERT INTO sys_user VALUES
(1, 'zk', '123', 'zk', '18014000830', NULL, NULL, NULL, NULL, NULL, 1, '2023-03-06 08:57:25', '2023-03-06 08:57:43', 1),
(2, '1', '1', '1', '1', NULL, NULL, NULL, NULL, NULL, 1, '2023-03-06 21:03:19', '2023-03-06 21:03:19', 0),
(3, '111', '111', '21331', '111', NULL, NULL, NULL, NULL, NULL, 1, '2023-03-06 21:03:31', '2023-03-06 21:05:59', 1),
(4, 'admin', '96e79218965eb72c92a549dd5a330112', NULL, NULL, NULL, NULL, NULL, NULL, NULL, 1, '2023-03-07 23:43:04', '2023-03-07 23:49:20', 0),
(5, 'zkzkzk', 'c8837b23ff8aaa8a2dde915473ce0991', '庄康', '18014000830', NULL, NULL, NULL, NULL, NULL, 1, '2023-03-08 00:06:25', '2023-03-12 11:35:04', 1),
(8, 'test', 'c4ca4238a0b923820dcc509a6f75849b', '1', '1', NULL, NULL, NULL, NULL, NULL, 1, '2023-03-12 11:34:46', '2023-03-12 11:34:46', 0),
(9, 'zkl', '202cb962ac59075b964b07152d234b70', '123', '345', NULL, NULL, NULL, NULL, NULL, 1, '2023-08-16 21:50:12', '2023-08-16 21:50:20', 1);

-- 
-- Dumping data for table sys_role_menu
--
INSERT INTO sys_role_menu VALUES
(1, 2, 1, '2023-03-07 09:30:16', '2023-03-07 09:30:16', 0),
(2, 16, 1, '2023-03-12 14:30:55', '2023-03-12 14:30:55', 0),
(4, 16, 4, '2023-03-12 14:30:55', '2023-03-12 23:22:27', 0);

-- 
-- Dumping data for table sys_role
--
INSERT INTO sys_role VALUES
(2, '角色管理员', 'role', '角色管理员', '2023-03-01 19:56:42', '2023-03-01 20:10:10', 0),
(10, '总经理', 'role', '总经理', '2023-03-01 20:17:00', '2023-03-01 20:17:00', 0),
(11, '1', '111', NULL, '2023-03-05 19:55:45', '2023-03-05 19:56:06', 1),
(12, '123', 'role', NULL, '2023-03-05 20:04:46', '2023-03-05 20:04:46', 0),
(13, '123213123', '45145141', NULL, '2023-03-05 20:04:52', '2023-03-05 20:16:04', 1),
(14, '123213123', '45145141w21', NULL, '2023-03-05 20:06:28', '2023-03-05 20:16:04', 1),
(15, '111', '11122312312', NULL, '2023-03-05 20:07:52', '2023-03-05 20:16:04', 1),
(16, '111111111111', 'adsdsadsa', NULL, '2023-03-08 08:28:08', '2023-03-12 14:31:02', 1),
(17, '111', '222', NULL, '2023-08-16 21:49:09', '2023-08-16 21:49:18', 1);

-- 
-- Dumping data for table sys_post
--
-- Table `guigu-oa`.sys_post does not contain any data (it is empty)

-- 
-- Dumping data for table sys_oper_log
--
-- Table `guigu-oa`.sys_oper_log does not contain any data (it is empty)

-- 
-- Dumping data for table sys_menu
--
INSERT INTO sys_menu VALUES
(1, 0, '菜单测试', 0, '111', 'Layout', '', '', 1, 1, '2023-03-06 22:53:51', '2023-03-12 23:11:39', 0),
(4, 0, '菜单测试', 0, '111', 'Layout', '', '', 1, 1, '2023-03-06 22:53:51', '2023-03-12 23:11:39', 0),
(5, 0, '123', 0, '', 'Layout', '', 'el-icon-s-custom', 1, 1, '2023-08-16 21:59:42', '2023-08-16 21:59:42', 0),
(6, 0, '123', 0, '', 'Layout', '', 'el-icon-s-custom', 1, 1, '2023-08-16 21:59:42', '2023-08-16 21:59:42', 0),
(7, 6, '789', 1, '456', '456', '', '', 1, 1, '2023-08-16 22:02:38', '2023-08-16 22:03:11', 1);

-- 
-- Dumping data for table sys_login_log
--
-- Table `guigu-oa`.sys_login_log does not contain any data (it is empty)

-- 
-- Dumping data for table sys_dept
--
-- Table `guigu-oa`.sys_dept does not contain any data (it is empty)

-- 
-- Dumping data for table oa_process_type
--
-- Table `guigu-oa`.oa_process_type does not contain any data (it is empty)

-- 
-- Dumping data for table oa_process_template
--
-- Table `guigu-oa`.oa_process_template does not contain any data (it is empty)

-- 
-- Dumping data for table oa_process_record
--
-- Table `guigu-oa`.oa_process_record does not contain any data (it is empty)

-- 
-- Dumping data for table oa_process
--
-- Table `guigu-oa`.oa_process does not contain any data (it is empty)

-- 
-- Dumping data for table act_ru_variable
--
-- Table `guigu-oa`.act_ru_variable does not contain any data (it is empty)

-- 
-- Dumping data for table act_ru_timer_job
--
-- Table `guigu-oa`.act_ru_timer_job does not contain any data (it is empty)

-- 
-- Dumping data for table act_ru_suspended_job
--
-- Table `guigu-oa`.act_ru_suspended_job does not contain any data (it is empty)

-- 
-- Dumping data for table act_ru_job
--
-- Table `guigu-oa`.act_ru_job does not contain any data (it is empty)

-- 
-- Dumping data for table act_ru_integration
--
-- Table `guigu-oa`.act_ru_integration does not contain any data (it is empty)

-- 
-- Dumping data for table act_ru_identitylink
--
-- Table `guigu-oa`.act_ru_identitylink does not contain any data (it is empty)

-- 
-- Dumping data for table act_ru_event_subscr
--
-- Table `guigu-oa`.act_ru_event_subscr does not contain any data (it is empty)

-- 
-- Dumping data for table act_ru_deadletter_job
--
-- Table `guigu-oa`.act_ru_deadletter_job does not contain any data (it is empty)

-- 
-- Dumping data for table act_re_model
--
-- Table `guigu-oa`.act_re_model does not contain any data (it is empty)

-- 
-- Dumping data for table act_procdef_info
--
-- Table `guigu-oa`.act_procdef_info does not contain any data (it is empty)

-- 
-- Dumping data for table act_hi_varinst
--
-- Table `guigu-oa`.act_hi_varinst does not contain any data (it is empty)

-- 
-- Dumping data for table act_hi_taskinst
--
-- Table `guigu-oa`.act_hi_taskinst does not contain any data (it is empty)

-- 
-- Dumping data for table act_hi_procinst
--
-- Table `guigu-oa`.act_hi_procinst does not contain any data (it is empty)

-- 
-- Dumping data for table act_hi_identitylink
--
-- Table `guigu-oa`.act_hi_identitylink does not contain any data (it is empty)

-- 
-- Dumping data for table act_hi_detail
--
-- Table `guigu-oa`.act_hi_detail does not contain any data (it is empty)

-- 
-- Dumping data for table act_hi_comment
--
-- Table `guigu-oa`.act_hi_comment does not contain any data (it is empty)

-- 
-- Dumping data for table act_hi_attachment
--
-- Table `guigu-oa`.act_hi_attachment does not contain any data (it is empty)

-- 
-- Dumping data for table act_hi_actinst
--
-- Table `guigu-oa`.act_hi_actinst does not contain any data (it is empty)

-- 
-- Dumping data for table act_ge_property
--
INSERT INTO act_ge_property VALUES
('cfg.execution-related-entities-count', 'false', 1),
('next.dbid', '1', 1),
('schema.history', 'create(7.1.0-M6)', 1),
('schema.version', '7.1.0-M6', 1);

-- 
-- Dumping data for table act_evt_log
--
-- Table `guigu-oa`.act_evt_log does not contain any data (it is empty)

-- 
-- Restore previous SQL mode
-- 
/*!40101 SET SQL_MODE=@OLD_SQL_MODE */;

-- 
-- Enable foreign keys
-- 
/*!40014 SET FOREIGN_KEY_CHECKS = @OLD_FOREIGN_KEY_CHECKS */;